n_qubits,field_strength,gate_error,ansatz,depth,optimizer,num_seeds,shot_allocation_strategy,dynamic_shots_enabled,zne_enabled,mean_exact_gap,std_exact_gap,mean_filtered_exact_gap,std_filtered_exact_gap,mean_cost_standard_error,std_cost_standard_error,mean_unmitigated_cost_standard_error,std_unmitigated_cost_standard_error,mean_observable_error_l2,std_observable_error_l2,mean_filtered_observable_error_l2,std_filtered_observable_error_l2,mean_symmetry_postselection_rate,std_symmetry_postselection_rate,mean_sampled_postselection_rate,std_sampled_postselection_rate,mean_sampled_postselection_standard_error,std_sampled_postselection_standard_error,mean_mitigated_sampled_postselection_rate,std_mitigated_sampled_postselection_rate,mean_mitigated_sampled_postselection_standard_error,std_mitigated_sampled_postselection_standard_error,mean_measurement_total_standard_error,std_measurement_total_standard_error,mean_symmetry_breaking_error,std_symmetry_breaking_error,mean_physics_score,std_physics_score,mean_fidelity_to_exact,std_fidelity_to_exact,mean_execution_time,std_execution_time,mean_zne_mitigation_gain,std_zne_mitigation_gain,mean_estimated_total_shots_used,std_estimated_total_shots_used,mean_avg_shots_per_eval,std_avg_shots_per_eval,mean_transpiled_depth,std_transpiled_depth,mean_transpiled_two_qubit_gate_count,std_transpiled_two_qubit_gate_count,mean_transpiled_entangling_layer_count,std_transpiled_entangling_layer_count,mean_magnetization_x,std_magnetization_x,mean_magnetization_z,std_magnetization_z,mean_correlation_xx_mean,std_correlation_xx_mean,mean_correlation_zz_mean,std_correlation_zz_mean,mean_connected_correlation_xx_mean,std_connected_correlation_xx_mean,mean_connected_correlation_zz_mean,std_connected_correlation_zz_mean,mean_energy_variance,std_energy_variance,mean_energy_stddev,std_energy_stddev,mean_relative_energy_stddev,std_relative_energy_stddev,mean_half_chain_entropy,std_half_chain_entropy,mean_gap_improvement
4,0.5,0.0,hardware_efficient,1,COBYLA,1,equal,False,False,0.9066215806811004,0.0,0.6226607256068513,0.0,,,,,0.17231553502708133,0.0,0.15576514522287946,0.0,0.7702863554970892,0.0,0.7734375,0.0,0.03699999298920436,0.0,0.7734375,0.0,0.03699999298920436,0.0,,,0.2297136445029107,0.0,1.1210293009183925,0.0,0.6007790289962947,0.0,0.08355832099914551,0.0,0.0,0.0,,,,,7.0,0.0,3.0,0.0,3.0,0.0,0.1447413197203359,0.0,-0.015455699218924271,0.0,0.29329960518045284,0.0,0.7436432895954372,0.0,0.27152760823100075,0.0,0.7450408982038207,0.0,2.110423686649125,0.0,1.4527297362720724,0.0,0.5763857033442569,0.0,0.8220362244654117,0.0,0.2839608550742492
4,0.5,0.0,problem_inspired,1,COBYLA,1,equal,False,False,1.5030702978954853,0.0,1.5030702978954846,0.0,,,,,0.36602570808839485,0.0,0.3660257080883948,0.0,0.9999999999999996,0.0,1.0,0.0,0.0,0.0,1.0,0.0,0.0,0.0,,,2.220446049250313e-16,0.0,1.5945767249175837,0.0,0.45532278719672864,0.0,0.02834796905517578,0.0,0.0,0.0,,,,,7.0,0.0,6.0,0.0,5.0,0.0,0.1385590760813344,0.0,0.0,0.0,-0.19558545807617672,0.0,0.5489485462833099,0.0,-0.13398650620253394,0.0,0.54894854628331,0.0,2.1757746345787017,0.0,1.4750507227138672,0.0,0.7666728082951786,0.0,1.085340297856399,0.0,6.661338147750939e-16
4,0.5,0.0,symmetry_preserving,1,COBYLA,1,equal,False,False,0.7952460412715112,0.0,0.7952460412715094,0.0,,,,,0.15701990744885383,0.0,0.15701990744885372,0.0,0.9999999999999993,0.0,1.0,0.0,0.0,0.0,1.0,0.0,0.0,0.0,,,3.3306690738754696e-16,0.0,0.8345010181337236,0.0,0.7135043805403741,0.0,0.044760704040527344,0.0,0.0,0.0,,,,,5.0,0.0,3.0,0.0,3.0,0.0,0.5230443107041206,0.0,0.0,0.0,0.4162143895377543,0.0,0.5285664754094438,0.0,0.2525208853865378,0.0,0.5285664754094438,0.0,1.8568555120307755,0.0,1.3626648568267898,0.0,0.5177715044532196,0.0,0.9203067122378475,0.0,1.7763568394002505e-15
4,0.5,0.005,hardware_efficient,1,COBYLA,1,equal,False,False,1.2144264875587139,0.0,0.8782934721024476,0.0,0.03860882484889974,0.0,0.03860882484889974,0.0,0.2038306921429949,0.0,0.16929534812218883,0.0,0.7123112929822387,0.0,0.734375,0.0,0.03903807830333337,0.0,0.734375,0.0,0.03903807830333337,0.0,0.03860882484889974,0.0,0.28768870701776106,0.0,1.495994723168517,0.0,0.503028883527069,0.0,1.1209728717803955,0.0,0.0,0.0,73728.0,0.0,4096.0,0.0,7.0,0.0,3.0,0.0,3.0,0.0,0.12805587823221293,0.0,-0.01474957764980904,0.0,0.24779595886922046,0.0,0.6521652816283147,0.0,0.23100788607152412,0.0,0.6534590411788989,0.0,2.737103733932578,0.0,1.6544194552569123,0.0,0.7477238414294319,0.0,1.218198953945351,0.0,0.3361330154562663
4,0.5,0.005,problem_inspired,1,COBYLA,1,equal,False,False,2.123542599340148,0.0,1.9750024035445861,0.0,0.03951397959998181,0.0,0.03951397959998181,0.0,0.4383501053585279,0.0,0.4415221592936342,0.0,0.8431530539053083,0.0,0.859375,0.0,0.03072682172373491,0.0,0.859375,0.0,0.03072682172373491,0.0,0.03951397959998181,0.0,0.15684694609469063,0.0,2.3990768355573757,0.0,0.3174405247440145,0.0,0.9813687801361084,0.0,0.0,0.0,61440.0,0.0,4096.0,0.0,7.0,0.0,6.0,0.0,5.0,0.0,0.11754902713114077,0.0,0.005653210327255964,0.0,-0.252797681705096,0.0,0.35613114510188465,0.0,-0.1565796925566683,0.0,0.35609309189111865,0.0,3.333421466011223,0.0,1.825765994318884,0.0,1.4006735056813182,0.0,1.312279286764147,0.0,0.1485401957955621
4,0.5,0.005,symmetry_preserving,1,COBYLA,1,equal,False,False,0.9960380294258155,0.0,0.8590474549204377,0.0,0.03867052488607319,0.0,0.03867052488607319,0.0,0.17679508860208284,0.0,0.16266173133369144,0.0,0.9036821781737157,0.0,0.8515625,0.0,0.031424986151765796,0.0,0.8515625,0.0,0.031424986151765796,0.0,0.03867052488607319,0.0,0.0963178218262844,0.0,1.0923485314064292,0.0,0.6285904036020021,0.0,0.99021315574646,0.0,0.0,0.0,61440.0,0.0,4096.0,0.0,5.0,0.0,3.0,0.0,3.0,0.0,0.48960485665693443,0.0,0.003754156232035271,0.0,0.3745126636370758,0.0,0.4839287820561332,0.0,0.2205920781542159,0.0,0.4839124327495547,0.0,2.276919804266246,0.0,1.5089465876121149,0.0,0.6207112437415784,0.0,1.1255969394298968,0.0,0.13699057450537788
4,0.5,0.01,hardware_efficient,1,COBYLA,1,equal,False,False,1.4646093003033958,0.0,1.1135603838285975,0.0,0.040925658136258904,0.0,0.040925658136258904,0.0,0.23458489842787827,0.0,0.1891555758627797,0.0,0.6695832982243125,0.0,0.6796875,0.0,0.041241703933161476,0.0,0.6796875,0.0,0.041241703933161476,0.0,0.040925658136258904,0.0,0.3304167017756884,0.0,1.8216826813456692,0.0,0.42882582566443694,0.0,1.0005898475646973,0.0,0.0,0.0,73728.0,0.0,4096.0,0.0,7.0,0.0,3.0,0.0,3.0,0.0,0.11475244977316992,0.0,-0.015023110118830861,0.0,0.2117158180521207,0.0,0.5776399630194494,0.0,0.19846684315650756,0.0,0.5787753466398015,0.0,3.1542697648363487,0.0,1.7760263975618011,0.0,0.9050162879488396,0.0,1.4210971254244278,0.0,0.3510489164747983
4,0.5,0.01,problem_inspired,1,COBYLA,1,equal,False,False,2.3825100996269932,0.0,2.1899041112752045,0.0,0.04173118651000088,0.0,0.04173118651000088,0.0,0.4446424144464813,0.0,0.44540744504925944,0.0,0.7382858227563569,0.0,0.75,0.0,0.038273277230987154,0.0,0.75,0.0,0.038273277230987154,0.0,0.04173118651000088,0.0,0.26171417724364493,0.0,2.824684327024809,0.0,0.2541084347336092,0.0,0.8352162837982178,0.0,0.0,0.0,61440.0,0.0,4096.0,0.0,7.0,0.0,6.0,0.0,5.0,0.0,0.13181140627310672,0.0,0.004990405332759424,0.0,-0.1970376358048507,0.0,0.26030039224495904,0.0,-0.10079378928900944,0.0,0.26027091701684574,0.0,3.641495115410412,0.0,1.9082701893103113,0.0,1.8269280637811938,0.0,1.5331151476141516,0.0,0.19260598835178877
4,0.5,0.01,symmetry_preserving,1,COBYLA,1,equal,False,False,1.219690940956113,0.0,0.994118284945471,0.0,0.04015526540269045,0.0,0.04015526540269045,0.0,0.20434310143842904,0.0,0.17718003163816828,0.0,0.829680454164232,0.0,0.7578125,0.0,0.03786620306707284,0.0,0.7578125,0.0,0.03786620306707284,0.0,0.04015526540269045,0.0,0.17031954583576941,0.0,1.3790523845265519,0.0,0.548246465600666,0.0,0.9409029483795166,0.0,0.0,0.0,61440.0,0.0,4096.0,0.0,5.0,0.0,3.0,0.0,3.0,0.0,0.45552247773369203,0.0,0.0036034756159191855,0.0,0.3316273993604937,0.0,0.43209939749486237,0.0,0.1969181740684567,0.0,0.43208424657589645,0.0,2.7044864354212743,0.0,1.6445322847002044,0.0,0.7450279247365972,0.0,1.2635414628730621,0.0,0.22557265601064191
4,1.0,0.0,hardware_efficient,1,COBYLA,1,equal,False,False,1.9488753354759805,0.0,1.6500393269812106,0.0,,,,,0.4368697202109317,0.0,0.43290478281698114,0.0,0.7702863554970892,0.0,0.7734375,0.0,0.03699999298920436,0.0,0.7734375,0.0,0.03699999298920436,0.0,,,0.2297136445029107,0.0,2.2176928116912773,0.0,0.458888764629558,0.0,0.1515200138092041,0.0,0.0,0.0,,,,,7.0,0.0,3.0,0.0,3.0,0.0,0.1447413197203359,0.0,-0.015455699218924271,0.0,0.29329960518045284,0.0,0.7436432895954372,0.0,0.27152760823100075,0.0,0.7450408982038207,0.0,5.73183076784068,0.0,2.394124217295477,0.0,0.8520332935848911,0.0,0.8220362244654117,0.0,0.2988360084947699
4,1.0,0.0,problem_inspired,1,COBYLA,1,equal,False,False,2.104157959494096,0.0,2.104157959494093,0.0,,,,,0.551447522526792,0.0,0.551447522526792,0.0,0.9999999999999989,0.0,1.0,0.0,0.0,0.0,1.0,0.0,0.0,0.0,,,5.551115123125783e-16,0.0,2.2420198401257916,0.0,0.465775930565127,0.0,0.055297136306762695,0.0,0.0,0.0,,,,,7.0,0.0,6.0,0.0,5.0,0.0,0.2021056238462392,0.0,-2.0816681711721685e-17,0.0,-0.10648679324211557,0.0,0.6153966760881946,0.0,-0.030405749014166428,0.0,0.6153966760881946,0.0,4.5756697802723725,0.0,2.1390815272617294,0.0,0.8057980244593049,0.0,1.1216659064471575,0.0,3.1086244689504383e-15
4,1.0,0.0,symmetry_preserving,1,COBYLA,1,equal,False,False,0.5617717487121547,0.0,0.5617717487121521,0.0,,,,,0.0952451292044809,0.0,0.09524512920448053,0.0,0.9999999999999993,0.0,1.0,0.0,0.0,0.0,1.0,0.0,0.0,0.0,,,2.7755575615628914e-16,0.0,0.5855830310132728,0.0,0.870004458708073,0.0,0.06199312210083008,0.0,0.0,0.0,,,,,5.0,0.0,3.0,0.0,3.0,0.0,0.7041258827976524,0.0,0.0,0.0,0.6557061188929508,0.0,0.4601650677469573,0.0,0.24721185026884043,0.0,0.4601650677469573,0.0,2.2223246809456505,0.0,1.4907463503043201,0.0,0.35519342383272223,0.0,0.7161244427245551,0.0,2.6645352591003757e-15
4,1.0,0.005,hardware_efficient,1,COBYLA,1,equal,False,False,1.7227575275158542,0.0,1.3676288121536313,0.0,0.056652234127109194,0.0,0.056652234127109194,0.0,0.37992937199919635,0.0,0.3255249268822924,0.0,0.6948510184882538,0.0,0.65625,0.0,0.04198083058633726,0.0,0.65625,0.0,0.04198083058633726,0.0,0.056652234127109194,0.0,0.3051489815117465,0.0,2.059308006897697,0.0,0.46786433541058026,0.0,1.1093220710754395,0.0,0.0,0.0,73728.0,0.0,4096.0,0.0,7.0,0.0,3.0,0.0,3.0,0.0,0.3291837182404617,0.0,-0.18941586712857295,0.0,0.2542360106697062,0.0,0.5730926942219783,0.0,0.1570733117531473,0.0,0.5293365518849161,0.0,4.632854463127087,0.0,2.1524066676924893,0.0,0.7089583276325044,0.0,1.1017903741429573,0.0,0.3551287153622229
4,1.0,0.005,problem_inspired,1,COBYLA,1,equal,False,False,2.839082937092046,0.0,2.6886156039943003,0.0,0.05354744998627627,0.0,0.05354744998627627,0.0,0.4989144151774463,0.0,0.4871097683198284,0.0,0.8431530539053085,0.0,0.8125,0.0,0.034499065884093155,0.0,0.8125,0.0,0.034499065884093155,0.0,0.05354744998627627,0.0,0.15684694609469052,0.0,3.124086938263638,0.0,0.3760223921943787,0.0,0.9083251953125,0.0,0.0,0.0,61440.0,0.0,4096.0,0.0,7.0,0.0,6.0,0.0,5.0,0.0,0.2690842643640035,0.0,0.005568776899983308,0.0,-0.0004758473256575163,0.0,0.2811168295318588,0.0,0.12861472361979817,0.0,0.28107914043813803,0.0,6.642319983126194,0.0,2.5772698700613783,0.0,1.3425465385563926,0.0,1.2979412355087447,0.0,0.15046733309774574
4,1.0,0.005,symmetry_preserving,1,COBYLA,1,equal,False,False,1.0859961685118233,0.0,0.8942735861412032,0.0,0.05474734623999148,0.0,0.05474734623999148,0.0,0.15602789081925217,0.0,0.11923355948165684,0.0,0.9036821781737152,0.0,0.8828125,0.0,0.02842954419533132,0.0,0.8828125,0.0,0.02842954419533132,0.0,0.05474734623999148,0.0,0.09631782182628457,0.0,1.1167176196641866,0.0,0.7272786170118333,0.0,0.910614013671875,0.0,0.0,0.0,61440.0,0.0,4096.0,0.0,5.0,0.0,3.0,0.0,3.0,0.0,0.6661958518034605,0.0,0.0036651340088929597,0.0,0.5887462272939104,0.0,0.33599696913932353,0.0,0.2211185889633499,0.0,0.33598472018856435,0.0,3.8785296833305214,0.0,1.9693983048968335,0.0,0.5362154426562583,0.0,0.9446424154593935,0.0,0.19172258237062012
4,1.0,0.01,hardware_efficient,1,COBYLA,1,equal,False,False,2.2383817894576774,0.0,1.778600577521853,0.0,0.05904678601800574,0.0,0.05904678601800574,0.0,0.44064949857455293,0.0,0.4140628939725719,0.0,0.6927448943578578,0.0,0.6796875,0.0,0.041241703933161476,0.0,0.6796875,0.0,0.041241703933161476,0.0,0.05904678601800574,0.0,0.3072551056421425,0.0,2.496626512299281,0.0,0.4017438727077402,0.0,1.0698230266571045,0.0,0.0,0.0,73728.0,0.0,4096.0,0.0,7.0,0.0,3.0,0.0,3.0,0.0,0.20330228233139966,0.0,-0.06094483779105911,0.0,0.17407986133592743,0.0,0.5690598547867867,0.0,0.1328868710007294,0.0,0.569319720560581,0.0,5.897158294627748,0.0,2.4284065340522676,0.0,0.9635047721551347,0.0,1.38765746100212,0.0,0.45978121193582444
4,1.0,0.01,problem_inspired,1,COBYLA,1,equal,False,False,3.074325942894504,0.0,2.8484339867019126,0.0,0.05531289751735386,0.0,0.05531289751735386,0.0,0.5212717289850346,0.0,0.505831043751167,0.0,0.7382858227563571,0.0,0.6796875,0.0,0.041241703933161476,0.0,0.6796875,0.0,0.041241703933161476,0.0,0.05531289751735386,0.0,0.2617141772436449,0.0,3.498320102126994,0.0,0.2983177609056711,0.0,0.8645608425140381,0.0,0.0,0.0,61440.0,0.0,4096.0,0.0,7.0,0.0,6.0,0.0,5.0,0.0,0.24453863456448433,0.0,0.005107994987011932,0.0,-0.02572963499660548,0.0,0.2354300006637317,0.0,0.06392302968739587,0.0,0.23539873249943008,0.0,6.55861500773829,0.0,2.56097930638619,0.0,1.5203702141522666,0.0,1.5250498973850415,0.0,0.22589195619259117
4,1.0,0.01,symmetry_preserving,1,COBYLA,1,equal,False,False,1.4175949917480546,0.0,1.1015565827355878,0.0,0.05727377480311437,0.0,0.05727377480311437,0.0,0.20701622491391627,0.0,0.14492690347789988,0.0,0.8296804541642318,0.0,0.859375,0.0,0.03072682172373491,0.0,0.859375,0.0,0.03072682172373491,0.0,0.05727377480311437,0.0,0.17031954583576947,0.0,1.4784274002766016,0.0,0.633340407123262,0.0,0.9254331588745117,0.0,0.0,0.0,61440.0,0.0,4096.0,0.0,5.0,0.0,3.0,0.0,3.0,0.0,0.6121837308776639,0.0,0.0035732657387531697,0.0,0.5093433578519986,0.0,0.29748018929497555,0.0,0.20556596122873616,0.0,0.29746853535517237,0.0,4.682488202215813,0.0,2.163905774800699,0.0,0.6476480449390741,0.0,1.1216715043872114,0.0,0.3160384090124668
4,1.5,0.0,hardware_efficient,1,COBYLA,1,equal,False,False,2.3132096315769433,0.0,1.957355507671502,0.0,,,,,0.45466892716337687,0.0,0.411506711147709,0.0,0.7478776878529985,0.0,0.71875,0.0,0.039740214744874616,0.0,0.71875,0.0,0.039740214744874616,0.0,,,0.25212231214700187,0.0,2.564476809752433,0.0,0.48678549395796133,0.0,0.09572672843933105,0.0,0.0,0.0,,,,,7.0,0.0,3.0,0.0,3.0,0.0,0.373086383686276,0.0,-0.23218867894656614,0.0,0.301236944020872,0.0,0.6507212078106069,0.0,0.17466228450171473,0.0,0.5854657249699814,0.0,7.58027552880333,0.0,2.7532300174165125,0.0,0.6569885441867584,0.0,0.7422161719946727,0.0,0.35585412390544136
4,1.5,0.0,problem_inspired,1,COBYLA,1,equal,False,False,3.098050427959135,0.0,3.0980504279591328,0.0,,,,,0.49649169496962564,0.0,0.49649169496962553,0.0,0.9999999999999993,0.0,1.0,0.0,0.0,0.0,1.0,0.0,0.0,0.0,,,3.3306690738754696e-16,0.0,3.22217335170154,0.0,0.5006506953173329,0.0,0.07454705238342285,0.0,0.0,0.0,,,,,7.0,0.0,6.0,0.0,5.0,0.0,0.3456674136797154,0.0,0.0,0.0,0.11224059018187921,0.0,0.44394554902966415,0.0,0.22334938114532774,0.0,0.4439455490296642,0.0,10.361974661699687,0.0,3.2190021220402585,0.0,0.9451415964394358,0.0,0.9661418312921124,0.0,2.220446049250313e-15
4,1.5,0.0,symmetry_preserving,1,COBYLA,1,equal,False,False,0.7487229752959275,0.0,0.748722975295923,0.0,,,,,0.13634092695600517,0.0,0.1363409269560048,0.0,0.9999999999999991,0.0,1.0,0.0,0.0,0.0,1.0,0.0,0.0,0.0,,,4.440892098500626e-16,0.0,0.7828082070349252,0.0,0.8795527944037242,0.0,0.035295963287353516,0.0,0.0,0.0,,,,,5.0,0.0,3.0,0.0,3.0,0.0,0.7508847486147019,0.0,-1.3877787807814457e-17,0.0,0.7158189574679316,0.0,0.416620030047427,0.0,0.22717794668237665,0.0,0.41662003004742704,0.0,4.243400251492517,0.0,2.059951516782013,0.0,0.3579306995950453,0.0,0.6347764850915985,0.0,4.440892098500626e-15
4,1.5,0.005,hardware_efficient,1,COBYLA,1,equal,False,False,2.8095111650177147,0.0,2.362321023643899,0.0,0.07688089177301509,0.0,0.07688089177301509,0.0,0.46800100353383517,0.0,0.4222595439775284,0.0,0.6948510184882538,0.0,0.65625,0.0,0.04198083058633726,0.0,0.65625,0.0,0.04198083058633726,0.0,0.07688089177301509,0.0,0.3051489815117465,0.0,3.078183872661774,0.0,0.41358342578062857,0.0,1.0607030391693115,0.0,0.0,0.0,73728.0,0.0,4096.0,0.0,7.0,0.0,3.0,0.0,3.0,0.0,0.3291837182404617,0.0,-0.18941586712857295,0.0,0.2542360106697062,0.0,0.5730926942219783,0.0,0.1570733117531473,0.0,0.5293365518849161,0.0,9.107745703631215,0.0,3.017904190598372,0.0,0.8168904850850485,0.0,1.1017903741429573,0.0,0.44719014137381574
4,1.5,0.005,problem_inspired,1,COBYLA,1,equal,False,False,2.478115539970675,0.0,2.145325638835488,0.0,0.07746349358874029,0.0,0.07746349358874029,0.0,0.29701915537062823,0.0,0.24521390041399005,0.0,0.8431530539053087,0.0,0.8125,0.0,0.034499065884093155,0.0,0.8125,0.0,0.034499065884093155,0.0,0.07746349358874029,0.0,0.15684694609469052,0.0,2.5203230061283666,0.0,0.5685627146255754,0.0,0.875579833984375,0.0,0.0,0.0,61440.0,0.0,4096.0,0.0,7.0,0.0,6.0,0.0,5.0,0.0,0.5508601480265388,0.0,0.0061798306891083545,0.0,0.45984120181034727,0.0,0.24020504299883733,0.0,0.22664547413527272,0.0,0.24015693003154903,0.0,10.188387831467011,0.0,3.1919254113257427,0.0,0.7928720817361501,0.0,1.2662892618412862,0.0,0.3327899011351869
4,1.5,0.005,symmetry_preserving,1,COBYLA,1,equal,False,False,1.262903747684053,0.0,0.9947464713869181,0.0,0.07034469383211923,0.0,0.07034469383211923,0.0,0.19231800252823955,0.0,0.15625172574921803,0.0,0.9036821781737152,0.0,0.875,0.0,0.029231698334171417,0.0,0.875,0.0,0.029231698334171417,0.0,0.07034469383211923,0.0,0.09631782182628457,0.0,1.2264450464767918,0.0,0.7605261332350657,0.0,0.8597679138183594,0.0,0.0,0.0,61440.0,0.0,4096.0,0.0,5.0,0.0,3.0,0.0,3.0,0.0,0.68451008763179,0.0,0.0035337985587916114,0.0,0.6135708821406598,0.0,0.37797576121720894,0.0,0.21529722567602882,0.0,0.3779638703013693,0.0,6.100485442058684,0.0,2.4699160799627755,0.0,0.4712691900394958,0.0,0.9103454562827668,0.0,0.2681572762971349
4,1.5,0.01,hardware_efficient,1,COBYLA,1,equal,False,False,3.6648126686080023,0.0,3.228847749212679,0.0,0.085431403448707,0.0,0.085431403448707,0.0,0.39711702443541513,0.0,0.3346008496959828,0.0,0.7125954049151019,0.0,0.7578125,0.0,0.03786620306707284,0.0,0.7578125,0.0,0.03786620306707284,0.0,0.085431403448707,0.0,0.287404595084899,0.0,3.8873071518064726,0.0,0.3843684236874536,0.0,1.0604279041290283,0.0,0.0,0.0,73728.0,0.0,4096.0,0.0,7.0,0.0,3.0,0.0,3.0,0.0,0.295384667681489,0.0,-0.05398487844272908,0.0,0.42525673541224246,0.0,0.35559029414316123,0.0,0.3232838361745741,0.0,0.3539225626148492,0.0,13.127593574434998,0.0,3.62320211614464,0.0,1.2761893059038665,0.0,1.0072328987447456,0.0,0.4359649193953232
4,1.5,0.01,problem_inspired,1,COBYLA,1,equal,False,False,3.170824090620757,0.0,2.7100789969552004,0.0,0.07752205802016081,0.0,0.07752205802016081,0.0,0.378794715560398,0.0,0.3054907380591331,0.0,0.7382858227563571,0.0,0.6875,0.0,0.040969095631646545,0.0,0.6875,0.0,0.040969095631646545,0.0,0.07752205802016081,0.0,0.2617141772436449,0.0,3.3098800359572733,0.0,0.43836893830571666,0.0,0.7755939960479736,0.0,0.0,0.0,61440.0,0.0,4096.0,0.0,7.0,0.0,6.0,0.0,5.0,0.0,0.4647216134595613,0.0,0.005614176818543551,0.0,0.3300306772030684,0.0,0.18157926191609836,0.0,0.18230599816787976,0.0,0.18154020464405865,0.0,11.25251647979966,0.0,3.3544770799335715,0.0,1.0064233963587765,0.0,1.5240708247602837,0.0,0.4607450936655568
4,1.5,0.01,symmetry_preserving,1,COBYLA,1,equal,False,False,1.7290676610365292,0.0,1.2865031078366629,0.0,0.07370838251320255,0.0,0.07370838251320255,0.0,0.24226664701719713,0.0,0.17911652775675937,0.0,0.8296804541642322,0.0,0.8359375,0.0,0.03273305812909057,0.0,0.8359375,0.0,0.03273305812909057,0.0,0.07370838251320255,0.0,0.17031954583576925,0.0,1.6719213314473913,0.0,0.6623806686682927,0.0,0.9506208896636963,0.0,0.0,0.0,61440.0,0.0,4096.0,0.0,5.0,0.0,3.0,0.0,3.0,0.0,0.6274695495688917,0.0,0.0034304935528982365,0.0,0.5288782524622299,0.0,0.3366688662255135,0.0,0.20242937962376883,0.0,0.336657666891454,0.0,7.598908961864442,0.0,2.7566118627518894,0.0,0.5773222055391996,0.0,1.098399514952238,0.0,0.4425645531998663
6,0.5,0.0,hardware_efficient,1,COBYLA,1,equal,False,False,2.1067087084648675,0.0,1.4500286916941096,0.0,,,,,0.2143318514756305,0.0,0.19377183161084643,0.0,0.6171281659545924,0.0,0.671875,0.0,0.041501033907960505,0.0,0.671875,0.0,0.041501033907960505,0.0,,,0.3828718340454075,0.0,2.2642153176876363,0.0,0.32408292950228584,0.0,0.23010873794555664,0.0,0.0,0.0,,,,,9.0,0.0,5.0,0.0,5.0,0.0,0.37514093787947633,0.0,0.0011505248616683374,0.0,0.26868188810139915,0.0,0.4579796097393842,0.0,0.09150365570818227,0.0,0.4610068606509408,0.0,4.2387548170287985,0.0,2.0588236488414444,0.0,0.6028199785110816,0.0,0.18410421942585206,0.0,0.6566800167707578
6,0.5,0.0,problem_inspired,1,COBYLA,1,equal,False,False,4.422992826830485,0.0,4.422992826830484,0.0,,,,,0.3982269660548553,0.0,0.39822696605485536,0.0,0.9999999999999991,0.0,1.0,0.0,0.0,0.0,1.0,0.0,0.0,0.0,,,3.885780586188048e-16,0.0,4.522549568344199,0.0,0.06757018614110016,0.0,0.1281139850616455,0.0,0.0,0.0,,,,,9.0,0.0,10.0,0.0,7.0,0.0,-0.15214869524110886,0.0,9.25185853854297e-18,0.0,0.40860010114718964,0.0,0.3110965659386119,0.0,0.2545515837804503,0.0,0.3110965659386119,0.0,5.657717577728725,0.0,2.3785957154860777,0.0,2.1642549519268695,0.0,0.899039687522864,0.0,8.881784197001252e-16
6,0.5,0.0,symmetry_preserving,1,COBYLA,1,equal,False,False,3.1430943328382965,0.0,3.1430943328382934,0.0,,,,,0.3964878804413371,0.0,0.39648788044133715,0.0,0.9999999999999989,0.0,1.0,0.0,0.0,0.0,1.0,0.0,0.0,0.0,,,6.106226635438361e-16,0.0,3.242216302948629,0.0,0.17757855768343506,0.0,0.03007984161376953,0.0,0.0,0.0,,,,,7.0,0.0,5.0,0.0,5.0,0.0,0.3059004556306747,0.0,-1.1564823173178713e-17,0.0,-0.3058571567850759,0.0,0.29224677421397943,0.0,-0.2075531651999547,0.0,0.29224677421397943,0.0,4.920438808225065,0.0,2.218206214089453,0.0,0.932436570232081,0.0,0.42758298439546044,0.0,3.1086244689504383e-15
6,0.5,0.005,hardware_efficient,1,COBYLA,1,equal,False,False,2.5449635529678076,0.0,2.0096061790917092,0.0,0.051463522783279154,0.0,0.051463522783279154,0.0,0.2432405790012656,0.0,0.21416566724158778,0.0,0.5748123725223793,0.0,0.6015625,0.0,0.04327284968965728,0.0,0.6015625,0.0,0.04327284968965728,0.0,0.051463522783279154,0.0,0.4251876274776208,0.0,2.9135228508573476,0.0,0.2392731607640249,0.0,1.6335222721099854,0.0,0.0,0.0,106496.0,0.0,4096.0,0.0,9.0,0.0,5.0,0.0,5.0,0.0,0.3275427653944047,0.0,-0.005300680492132746,0.0,0.21744083387507473,0.0,0.3988875443298392,0.0,0.08264027715854445,0.0,0.4019234584373649,0.0,4.920748147921252,0.0,2.2182759404369086,0.0,0.745121514655569,0.0,1.0362289537453935,0.0,0.5353573738760984
6,0.5,0.005,problem_inspired,1,COBYLA,1,equal,False,False,4.811683057549368,0.0,4.6648198236635885,0.0,0.055499774482079316,0.0,0.055499774482079316,0.0,0.4178583821396873,0.0,0.41096572109624585,0.0,0.7692957901016355,0.0,0.7734375,0.0,0.03699999298920436,0.0,0.7734375,0.0,0.03699999298920436,0.0,0.055499774482079316,0.0,0.23070420989836288,0.0,5.228969673734376,0.0,0.04861644099370834,0.0,1.337928056716919,0.0,0.0,0.0,73728.0,0.0,4096.0,0.0,9.0,0.0,10.0,0.0,7.0,0.0,-0.13339557782114966,0.0,0.0019828084361833633,0.0,0.3159895861187489,0.0,0.22210664934285967,0.0,0.20309717215252884,0.0,0.22210369583927733,0.0,6.403675097394804,0.0,2.530548378789626,0.0,3.5624140213045528,0.0,1.6708752936211184,0.0,0.14686323388577982
6,0.5,0.005,symmetry_preserving,1,COBYLA,1,equal,False,False,3.498733029126694,0.0,3.3901827004712497,0.0,0.05010629674924827,0.0,0.05010629674924827,0.0,0.38726010208941153,0.0,0.3878353697804544,0.0,0.8530333587488452,0.0,0.8671875,0.0,0.029996528424624355,0.0,0.8671875,0.0,0.029996528424624355,0.0,0.05010629674924827,0.0,0.1469666412511541,0.0,3.7810748254186715,0.0,0.1257591349093145,0.0,1.0179297924041748,0.0,0.0,0.0,61440.0,0.0,4096.0,0.0,7.0,0.0,5.0,0.0,5.0,0.0,0.28761635370318095,0.0,0.0036913705982128623,0.0,-0.19221213315364624,0.0,0.2320894961127961,0.0,-0.10303297349227872,0.0,0.232064862338433,0.0,4.9431266533272735,0.0,2.2233143397475925,0.0,1.0988573814833038,0.0,1.072428631722632,0.0,0.10855032865544434
6,0.5,0.01,hardware_efficient,1,COBYLA,1,equal,False,False,2.5870562732295785,0.0,2.242852417693824,0.0,0.053268408577268056,0.0,0.053268408577268056,0.0,0.24999002398031722,0.0,0.1995142752608339,0.0,0.6087346587987066,0.0,0.5390625,0.0,0.044059097483322575,0.0,0.5390625,0.0,0.044059097483322575,0.0,0.053268408577268056,0.0,0.39126534120129575,0.0,3.0752616689116237,0.0,0.22672805520971948,0.0,1.8725228309631348,0.0,0.0,0.0,106496.0,0.0,4096.0,0.0,9.0,0.0,5.0,0.0,5.0,0.0,0.20015596338493116,0.0,0.18078420284476832,0.0,0.09436454402723632,0.0,0.4669010814831691,0.0,0.04767288461768181,0.0,0.4328004971439494,0.0,5.246739180170044,0.0,2.2905761677294305,0.0,0.7804419105364283,0.0,1.924621969111223,0.0,0.3442038555357545
6,0.5,0.01,problem_inspired,1,COBYLA,1,equal,False,False,5.147455980496222,0.0,5.012916758215323,0.0,0.05666964194632769,0.0,0.05666964194632769,0.0,0.441957889249603,0.0,0.43336449792543896,0.0,0.6476263805024696,0.0,0.6015625,0.0,0.04327284968965728,0.0,0.6015625,0.0,0.04327284968965728,0.0,0.05666964194632769,0.0,0.3523736194975337,0.0,5.82600512169175,0.0,0.032400960521843575,0.0,1.0997898578643799,0.0,0.0,0.0,73728.0,0.0,4096.0,0.0,9.0,0.0,10.0,0.0,7.0,0.0,-0.11707043332873765,0.0,0.0019400738029367846,0.0,0.2453943296770129,0.0,0.14515697805804165,0.0,0.16313674297068226,0.0,0.1451553607802411,0.0,6.415193288167764,0.0,2.5328231853344527,0.0,6.761884048682855,0.0,2.0844610769048946,0.0,0.13453922228089876
6,0.5,0.01,symmetry_preserving,1,COBYLA,1,equal,False,False,3.586806709798217,0.0,3.421807194931285,0.0,0.05251710226266209,0.0,0.05251710226266209,0.0,0.3943778421384259,0.0,0.3980545731285032,0.0,0.7536037269074753,0.0,0.765625,0.0,0.037441971704454714,0.0,0.765625,0.0,0.037441971704454714,0.0,0.05251710226266209,0.0,0.24639627309252637,0.0,4.014113384398464,0.0,0.11473620992599944,0.0,0.8445491790771484,0.0,0.0,0.0,61440.0,0.0,4096.0,0.0,7.0,0.0,5.0,0.0,5.0,0.0,0.2673918638277304,0.0,0.0036718059820692412,0.0,-0.20588673133498459,0.0,0.22660945390376191,0.0,-0.14861267348950083,0.0,0.2265885434685802,0.0,5.5228716682990875,0.0,2.3500790770310447,0.0,1.2143712873535626,0.0,1.5259637741299126,0.0,0.16499951486693165
6,1.0,0.0,hardware_efficient,1,COBYLA,1,equal,False,False,2.7553749859335896,0.0,2.5871672819905767,0.0,,,,,0.37855222392441107,0.0,0.31657405428199065,0.0,0.5054266748848233,0.0,0.484375,0.0,0.04417258936679157,0.0,0.484375,0.0,0.04417258936679157,0.0,,,0.4945733251151767,0.0,3.655457445791428,0.0,0.24227620966762858,0.0,0.19684505462646484,0.0,0.0,0.0,,,,,9.0,0.0,5.0,0.0,5.0,0.0,0.29919613425157876,0.0,0.20910819544263848,0.0,0.1861801033747707,0.0,0.5491356038231376,0.0,0.08767869657182911,0.0,0.5073870578583908,0.0,8.089051136911198,0.0,2.844125724526115,0.0,0.626341478503641,0.0,0.9766131736607596,0.0,0.168207703943013
6,1.0,0.0,problem_inspired,1,COBYLA,1,equal,False,False,5.177198076340923,0.0,5.177198076340922,0.0,,,,,0.4058806334333891,0.0,0.40588063343338904,0.0,0.9999999999999991,0.0,1.0,0.0,0.0,0.0,1.0,0.0,0.0,0.0,,,2.7755575615628914e-16,0.0,5.2786682346992695,0.0,0.22906909765378705,0.0,0.09791183471679688,0.0,0.0,0.0,,,,,9.0,0.0,10.0,0.0,7.0,0.0,0.030389759060398203,0.0,9.25185853854297e-18,0.0,0.4418789882339453,0.0,0.38733863597108786,0.0,0.39228263393848695,0.0,0.38733863597108786,0.0,13.160092100145057,0.0,3.6276841235346082,0.0,1.7119536555093875,0.0,0.7534927451706465,0.0,8.881784197001252e-16
6,1.0,0.0,symmetry_preserving,1,COBYLA,1,equal,False,False,4.30202607140588,0.0,4.3020260714058765,0.0,,,,,0.6746225989085023,0.0,0.6746225989085024,0.0,0.9999999999999993,0.0,1.0,0.0,0.0,0.0,1.0,0.0,0.0,0.0,,,2.7755575615628914e-16,0.0,4.470681721133003,0.0,0.03647222687361146,0.0,0.019793033599853516,0.0,0.0,0.0,,,,,7.0,0.0,5.0,0.0,5.0,0.0,0.2827800227375117,0.0,4.625929269271485e-18,0.0,-0.48765516140089327,0.0,0.2595047205455604,0.0,-0.050687209249101084,0.0,0.2595047205455604,0.0,4.346992908247273,0.0,2.084944341762454,0.0,0.6963268111983363,0.0,0.4065329768280838,0.0,3.552713678800501e-15
6,1.0,0.005,hardware_efficient,1,COBYLA,1,equal,False,False,3.2623697686021673,0.0,2.615264320572723,0.0,0.07044407645689574,0.0,0.07044407645689574,0.0,0.3259523975950503,0.0,0.25130581936728774,0.0,0.5752483991090096,0.0,0.5625,0.0,0.04384754750125713,0.0,0.5625,0.0,0.04384754750125713,0.0,0.07044407645689574,0.0,0.42475160089099107,0.0,3.527593977196527,0.0,0.27621827319992837,0.0,1.757680892944336,0.0,0.0,0.0,106496.0,0.0,4096.0,0.0,9.0,0.0,5.0,0.0,5.0,0.0,0.35878235740832093,0.0,-0.07784592756607586,0.0,0.26650082101159817,0.0,0.3762331795013316,0.0,0.11731983414075065,0.0,0.3662570970138451,0.0,8.654163879910683,0.0,2.941796029623856,0.0,0.7292756811158393,0.0,1.0176039532549095,0.0,0.6471054480294445
6,1.0,0.005,problem_inspired,1,COBYLA,1,equal,False,False,5.382407059106577,0.0,5.153292162477541,0.0,0.08072032098094267,0.0,0.08072032098094267,0.0,0.4154390651782725,0.0,0.3937758095870396,0.0,0.7692957901016355,0.0,0.7734375,0.0,0.03699999298920436,0.0,0.7734375,0.0,0.03699999298920436,0.0,0.08072032098094267,0.0,0.230704209898363,0.0,5.713144534671027,0.0,0.17451297180211972,0.0,1.1235249042510986,0.0,0.0,0.0,73728.0,0.0,4096.0,0.0,9.0,0.0,10.0,0.0,7.0,0.0,0.0627031152232505,0.0,0.0025686419606087436,0.0,0.3693736603141291,0.0,0.30752081202253423,0.0,0.32768113839413876,0.0,0.3075174029864168,0.0,13.227230857407703,0.0,3.6369260175878892,0.0,1.9003463172481654,0.0,1.7150894333122462,0.0,0.22911489662903595
6,1.0,0.005,symmetry_preserving,1,COBYLA,1,equal,False,False,4.292287407276952,0.0,4.152220645251671,0.0,0.0584131375341834,0.0,0.0584131375341834,0.0,0.5675814868564912,0.0,0.5780831579287786,0.0,0.8530333587488454,0.0,0.8125,0.0,0.034499065884093155,0.0,0.8125,0.0,0.034499065884093155,0.0,0.0584131375341834,0.0,0.14696664125115416,0.0,4.5906747172361735,0.0,0.0922592066255497,0.0,1.0968589782714844,0.0,0.0,0.0,61440.0,0.0,4096.0,0.0,7.0,0.0,5.0,0.0,5.0,0.0,0.2852302842693162,0.0,0.003770120603811728,0.0,-0.24843756327107197,0.0,0.25851213953318064,0.0,-0.17321328135899544,0.0,0.2584893882253507,0.0,6.784570722083135,0.0,2.6047208530057757,0.0,0.8671007973255827,0.0,1.1177050496967065,0.0,0.14006676202528112
6,1.0,0.01,hardware_efficient,1,COBYLA,1,equal,False,False,3.766516433224138,0.0,4.163576799346339,0.0,0.06858118018622386,0.0,0.06858118018622386,0.0,0.42678006941094726,0.0,0.4443737449671451,0.0,0.4065451290127797,0.0,0.4609375,0.0,0.044059097483322575,0.0,0.4609375,0.0,0.044059097483322575,0.0,0.06858118018622386,0.0,0.5934548709872226,0.0,5.461579977562571,0.0,0.07311357788540282,0.0,1.5625250339508057,0.0,0.0,0.0,106496.0,0.0,4096.0,0.0,9.0,0.0,5.0,0.0,5.0,0.0,0.23122309993218965,0.0,0.1575982525209799,0.0,0.10648827294988952,0.0,0.42847495554829496,0.0,0.04826292319194192,0.0,0.40541130710435114,0.0,8.864211701218215,0.0,2.977282603519225,0.0,0.8434913221671998,0.0,1.9198270104685573,0.0,-0.3970603661222012
6,1.0,0.01,problem_inspired,1,COBYLA,1,equal,False,False,5.651568438768899,0.0,5.374178136557829,0.0,0.08030460186632825,0.0,0.08030460186632825,0.0,0.43774561901052456,0.0,0.40610486257636635,0.0,0.64762638050247,0.0,0.578125,0.0,0.04365136062231838,0.0,0.578125,0.0,0.04365136062231838,0.0,0.08030460186632825,0.0,0.35237361949753365,0.0,6.180451591196988,0.0,0.13244188710108676,0.0,1.0297667980194092,0.0,0.0,0.0,73728.0,0.0,4096.0,0.0,9.0,0.0,10.0,0.0,7.0,0.0,0.08351161817737042,0.0,0.0024860493588163488,0.0,0.2920206342851712,0.0,0.22871833254512602,0.0,0.2598189888283187,0.0,0.22871420851714594,0.0,13.183264769586984,0.0,3.630876584185558,0.0,2.2076742644196394,0.0,2.2143735712285824,0.0,0.27739030221107
6,1.0,0.01,symmetry_preserving,1,COBYLA,1,equal,False,False,4.798294199686496,0.0,4.612722178684239,0.0,0.059598106941248105,0.0,0.059598106941248105,0.0,0.6247197891131661,0.0,0.654605972622504,0.0,0.7536037269074755,0.0,0.7421875,0.0,0.03866373612271319,0.0,0.7421875,0.0,0.03866373612271319,0.0,0.059598106941248105,0.0,0.24639627309252632,0.0,5.2691662180249175,0.0,0.026980704137434607,0.0,0.8680379390716553,0.0,0.0,0.0,61440.0,0.0,4096.0,0.0,7.0,0.0,5.0,0.0,5.0,0.0,0.24997264136017877,0.0,0.0031387627240854286,0.0,-0.34542354837680855,0.0,0.19961995254223647,0.0,-0.058666266163582184,0.0,0.19960052058744832,0.0,6.283575643297839,0.0,2.506706134212353,0.0,1.0035111086538517,0.0,1.4467633953404941,0.0,0.18557202100225734
6,1.5,0.0,hardware_efficient,1,COBYLA,1,equal,False,False,2.9618885271253212,0.0,2.9150491968493437,0.0,,,,,0.5009119072869747,0.0,0.3927713173876294,0.0,0.566605748093014,0.0,0.484375,0.0,0.04417258936679157,0.0,0.484375,0.0,0.04417258936679157,0.0,,,0.4333942519069861,0.0,3.8800305300102234,0.0,0.2848488989594262,0.0,0.26270294189453125,0.0,0.0,0.0,,,,,9.0,0.0,5.0,0.0,5.0,0.0,0.5135818950818838,0.0,0.5766283383230395,0.0,0.1854302306689981,0.0,0.4526891776584625,0.0,0.028352474290990637,0.0,0.04663134251570814,0.0,9.774462965938405,0.0,3.1264137547577424,0.0,0.45404555803266083,0.0,0.18488010927931217,0.0,0.04683933027597753
6,1.5,0.0,problem_inspired,1,COBYLA,1,equal,False,False,6.270829326808661,0.0,6.270829326808659,0.0,,,,,0.41474210118489807,0.0,0.41474210118489796,0.0,0.9999999999999993,0.0,1.0,0.0,0.0,0.0,1.0,0.0,0.0,0.0,,,3.3306690738754696e-16,0.0,6.374514852104885,0.0,0.29311386298478825,0.0,0.07460403442382812,0.0,0.0,0.0,,,,,9.0,0.0,10.0,0.0,7.0,0.0,0.17020238167747911,0.0,1.6190752442450197e-17,0.0,0.514268188857195,0.0,0.40898414184972265,0.0,0.42918147525746164,0.0,0.4089841418497226,0.0,24.134422966679182,0.0,4.912679815200578,0.0,1.3735068442008012,0.0,0.6334901745323125,0.0,1.7763568394002505e-15
6,1.5,0.0,symmetry_preserving,1,COBYLA,1,equal,False,False,6.119858163573417,0.0,6.119858163573413,0.0,,,,,0.7782297641783678,0.0,0.7782297641783679,0.0,0.9999999999999994,0.0,1.0,0.0,0.0,0.0,1.0,0.0,0.0,0.0,,,2.220446049250313e-16,0.0,6.314415604618005,0.0,0.00713325843445856,0.0,0.02084827423095703,0.0,0.0,0.0,,,,,7.0,0.0,5.0,0.0,5.0,0.0,0.2667206979822787,0.0,-1.5612511283791264e-17,0.0,-0.5201409810727045,0.0,0.2654454051481321,0.0,-0.007069822977589291,0.0,0.2654454051481321,0.0,6.289981812447527,0.0,2.5079836148682326,0.0,0.6727941254944866,0.0,0.15548468647730934,0.0,3.552713678800501e-15
6,1.5,0.005,hardware_efficient,1,COBYLA,1,equal,False,False,4.407531456043864,0.0,4.262097360431213,0.0,0.09245467369407077,0.0,0.09245467369407077,0.0,0.5825122687748161,0.0,0.5196511714870811,0.0,0.532345158498752,0.0,0.4921875,0.0,0.04418877869823737,0.0,0.4921875,0.0,0.04418877869823737,0.0,0.09245467369407077,0.0,0.46765484150124714,0.0,5.327319836305477,0.0,0.16225761569424446,0.0,1.566744089126587,0.0,0.0,0.0,106496.0,0.0,4096.0,0.0,9.0,0.0,5.0,0.0,5.0,0.0,0.30462724547990594,0.0,0.5403731373084094,0.0,0.07993489113628448,0.0,0.5396789611583136,0.0,0.020115269816824637,0.0,0.22074130421983246,0.0,13.765788292950798,0.0,3.7102275257658794,0.0,0.6820221019441094,0.0,1.028016016365797,0.0,0.14543409561265097
6,1.5,0.005,problem_inspired,1,COBYLA,1,equal,False,False,5.638003833823852,0.0,5.25270845185905,0.0,0.09935217599917642,0.0,0.09935217599917642,0.0,0.35118792241554214,0.0,0.3132607860048196,0.0,0.7692957901016353,0.0,0.8203125,0.0,0.033934668659949326,0.0,0.8203125,0.0,0.033934668659949326,0.0,0.09935217599917642,0.0,0.23070420989836288,0.0,5.79243206815698,0.0,0.26584741381583116,0.0,1.138490915298462,0.0,0.0,0.0,73728.0,0.0,4096.0,0.0,9.0,0.0,10.0,0.0,7.0,0.0,0.33750406361072394,0.0,0.0021920755195095343,0.0,0.49606066252422865,0.0,0.23440621296684352,0.0,0.2544420681901038,0.0,0.2344023769545683,0.0,19.583876653532613,0.0,4.425367403225704,0.0,1.0512641165285581,0.0,1.7056573620886362,0.0,0.3852953819648022
6,1.5,0.005,symmetry_preserving,1,COBYLA,1,equal,False,False,6.4514188196787,0.0,6.307205611201873,0.0,0.06703795399485375,0.0,0.06703795399485375,0.0,0.7296956497251977,0.0,0.7504503607526714,0.0,0.8530333587488449,0.0,0.84375,0.0,0.032093118603818326,0.0,0.84375,0.0,0.032093118603818326,0.0,0.06703795399485375,0.0,0.14696664125115433,0.0,6.78875148389235,0.0,0.009988360007519568,0.0,1.0473010540008545,0.0,0.0,0.0,61440.0,0.0,4096.0,0.0,7.0,0.0,5.0,0.0,5.0,0.0,0.2644196262052714,0.0,0.003316264240279465,0.0,-0.4065194129953884,0.0,0.20327520312568864,0.0,-0.057235574356128846,0.0,0.20325406472027638,0.0,7.264874258512229,0.0,2.6953430687970372,0.0,0.7936460299055481,0.0,1.0593263642042041,0.0,0.1442132084768275
6,1.5,0.01,hardware_efficient,1,COBYLA,1,equal,False,False,5.472934850094879,0.0,5.3567478236392505,0.0,0.09015874722002919,0.0,0.09015874722002919,0.0,0.5097184224832544,0.0,0.4908689520038621,0.0,0.5160308350638845,0.0,0.5625,0.0,0.04384754750125713,0.0,0.5625,0.0,0.04384754750125713,0.0,0.09015874722002919,0.0,0.4839691649361183,0.0,6.447403391512452,0.0,0.11864712950295406,0.0,1.6638212203979492,0.0,0.0,0.0,106496.0,0.0,4096.0,0.0,9.0,0.0,5.0,0.0,5.0,0.0,0.2930091231913753,0.0,0.1411991536017648,0.0,0.09349569714335218,0.0,0.3475109024674657,0.0,0.037688855399377566,0.0,0.3376262401915743,0.0,15.55408757313647,0.0,3.943867083604171,0.0,0.9015302127308608,0.0,1.5024152917830715,0.0,0.11618702645562884
6,1.5,0.01,problem_inspired,1,COBYLA,1,equal,False,False,6.340757108622828,0.0,5.885144882658923,0.0,0.09926884484315517,0.0,0.09926884484315517,0.0,0.4083566768810535,0.0,0.35850991512931246,0.0,0.6476263805024693,0.0,0.7265625,0.0,0.03939676319129748,0.0,0.7265625,0.0,0.03939676319129748,0.0,0.09926884484315517,0.0,0.35237361949753376,0.0,6.679519600436318,0.0,0.19127564937425617,0.0,0.808189868927002,0.0,0.0,0.0,73728.0,0.0,4096.0,0.0,9.0,0.0,10.0,0.0,7.0,0.0,0.2938954218709368,0.0,0.0021554491099328985,0.0,0.3818172271525062,0.0,0.17235111313866516,0.0,0.21414215460340894,0.0,0.1723468100613409,0.0,20.57838804019878,0.0,4.536340820551161,0.0,1.2935788301255082,0.0,2.2084895067873145,0.0,0.4556122259639048
6,1.5,0.01,symmetry_preserving,1,COBYLA,1,equal,False,False,6.898529295727425,0.0,6.703257175532046,0.0,0.07099694482871723,0.0,0.07099694482871723,0.0,0.7067811502337181,0.0,0.736665129171786,0.0,0.7536037269074756,0.0,0.75,0.0,0.038273277230987154,0.0,0.75,0.0,0.038273277230987154,0.0,0.07099694482871723,0.0,0.24639627309252626,0.0,7.380216004010045,0.0,0.0113401203767939,0.0,0.8154120445251465,0.0,0.0,0.0,61440.0,0.0,4096.0,0.0,7.0,0.0,5.0,0.0,5.0,0.0,0.2640652556936064,0.0,0.0033247945588536455,0.0,-0.34162982061962466,0.0,0.11449097483694061,0.0,-0.12875627313857704,0.0,0.11447530573875768,0.0,9.80599933257935,0.0,3.1314532301440097,0.0,1.0618543390924637,0.0,1.5306573895049906,0.0,0.1952721201953791
