ansatz,regime_label,num_runs,valid_fraction,mean_filtered_exact_gap,std_filtered_exact_gap,mean_physics_score,mean_fidelity_to_exact,mean_symmetry_breaking_error,mean_observable_error_l2,mean_cost_standard_error,mean_measurement_total_standard_error,mean_estimated_total_shots_used,mean_transpiled_depth,mean_transpiled_two_qubit_gate_count,mean_zne_mitigation_gain,fragility_slope_vs_gate_error,behavior_risk_score,raw_win_count,physics_win_count,budget_win_count
hardware_efficient,near_critical,6,0.0,2.248641383284212,0.7348213038173186,3.1917559585558,0.3047515565099001,0.4307601739394925,0.32637690957041304,0.06367797242959905,0.06367797242959905,90112.0,8.0,4.0,0.0,65.2600209383841,3.2129819493656666,10,6,0
hardware_efficient,strong_field,6,0.0,3.486959483466446,1.0660226858362913,4.417552425501489,0.2769754269535222,0.4177279921047699,0.38054783130201303,0.08747117685737947,0.08747117685737947,90112.0,8.0,4.0,0.0,181.5460093380395,4.446709484453949,10,6,0
hardware_efficient,weak_field,6,0.0,1.411662104140259,0.7134369347716977,2.269697707132068,0.3487303400279269,0.40525985884135646,0.19006354123638317,0.045507523020929135,0.045507523020929135,90112.0,8.0,4.0,0.0,65.2777323724873,2.2848668814723774,10,6,0
problem_inspired,near_critical,6,0.3333333333333333,3.8873408493115753,1.3648899662660336,4.335562572416182,0.28017266122378237,0.16693982545570554,0.4573682887727838,0.06741882527123977,0.06741882527123977,67584.0,8.0,8.0,0.0,46.68394781805509,4.358035514173262,0,0,0
problem_inspired,strong_field,6,0.3333333333333333,4.228683574338188,1.6207850218845463,4.651593642433142,0.37615647115696577,0.16693982545570543,0.356121668734173,0.08767949487220761,0.08767949487220761,67584.0,8.0,8.0,0.0,-38.49601096600531,4.6808201407238785,0,0,0
problem_inspired,weak_field,6,0.3333333333333333,3.2914316993855732,1.4332175450685982,3.729093191232351,0.19628844305269944,0.16693982545570543,0.4151273637414678,0.048237629570873616,0.048237629570873616,67584.0,8.0,8.0,0.0,63.46273923156684,3.745172401089309,0,0,0
symmetry_preserving,near_critical,6,0.3333333333333333,2.602827779211821,1.7622506867955774,2.9172691865479647,0.3977272849006566,0.11000004700095582,0.3777652533369293,0.056850507009387735,0.056850507009387735,61440.0,6.0,4.0,0.0,42.19991640883313,2.9362193555510943,8,12,18
symmetry_preserving,strong_field,6,0.3333333333333333,3.6935099420354436,2.6928380425474554,4.027583267287725,0.38843704446259847,0.11000004700095585,0.45629292500147944,0.06986461444829939,0.06986461444829939,61440.0,6.0,4.0,0.0,56.2468715345398,4.050871472103824,8,12,18
symmetry_preserving,weak_field,6,0.3333333333333333,2.1006744239357165,1.2218602702648576,2.3906175106644287,0.384698986394315,0.11000004700095582,0.2797719709072032,0.044874413146461026,0.044874413146461026,61440.0,6.0,4.0,0.0,23.92249763308274,2.4055756483799158,8,12,18
